"rotulo","modo","segment_heap","rodada","wall_s","cpu_pai_s","rss_antes_mb","rss_depois_mb","threads","n","checksum_lat"
"NT_inproc","inproc",FALSE,1,11.62,39.83,176,275,11,20028,-397785.008674
"NT_inproc","inproc",FALSE,2,14.78,46,275,287,11,20028,-397785.008674
"NT_inproc","inproc",FALSE,3,16.48,47.3,286,291,11,20028,-397785.008674
"NT_inproc","inproc",FALSE,4,13.33,41.95,290,308,8,20028,-397785.008674
"NT_inproc","inproc",FALSE,5,14.61,42.38,295,311,8,20028,-397785.008674
"NT_inproc","inproc",FALSE,6,16.45,43.77,297,322,8,20028,-397785.008674
"NT_inproc","inproc",FALSE,7,17.13,45.83,322,321,8,20028,-397785.008674
"NT_inproc","inproc",FALSE,8,18.07,46.33,321,326,8,20028,-397785.008674
"SH_inproc","inproc",TRUE,1,10.32,42.39,185,377,11,20028,-397785.008674
"SH_inproc","inproc",TRUE,2,8.89,38.3,287,375,11,20028,-397785.008674
"SH_inproc","inproc",TRUE,3,8.08,38.64,375,372,11,20028,-397785.008674
"SH_inproc","inproc",TRUE,4,8.12,37.95,372,362,11,20028,-397785.008674
"SH_inproc","inproc",TRUE,5,8.51,38.5,362,381,11,20028,-397785.008674
"SH_inproc","inproc",TRUE,6,7.61,36.48,381,392,11,20028,-397785.008674
"SH_inproc","inproc",TRUE,7,7.96,36.88,388,378,9,20028,-397785.008674
"SH_inproc","inproc",TRUE,8,7.94,37.47,378,396,9,20028,-397785.008674
"NT_callr","callr",FALSE,1,15.05,0.36,176,190,9,20028,-397785.008674
"NT_callr","callr",FALSE,2,12.07,0.16,184,190,9,20028,-397785.008674
"NT_callr","callr",FALSE,3,11.94,0.17,186,190,11,20028,-397785.008674
"NT_callr","callr",FALSE,4,11.99,0.22,186,190,11,20028,-397785.008674
"NT_callr","callr",FALSE,5,12.57,0.19,186,190,8,20028,-397785.008674
"NT_callr","callr",FALSE,6,12.24,0.25,186,190,8,20028,-397785.008674
"NT_callr","callr",FALSE,7,12.12,0.22,186,190,8,20028,-397785.008674
"NT_callr","callr",FALSE,8,11.87,0.22,186,190,8,20028,-397785.008674
"SH_callr","callr",TRUE,1,14.2,0.3,183,193,9,20028,-397785.008674
"SH_callr","callr",TRUE,2,11.56,0.2,188,189,9,20028,-397785.008674
"SH_callr","callr",TRUE,3,11.27,0.25,185,189,11,20028,-397785.008674
"SH_callr","callr",TRUE,4,11.3,0.23,185,189,11,20028,-397785.008674
"SH_callr","callr",TRUE,5,10.93,0.19,185,189,9,20028,-397785.008674
"SH_callr","callr",TRUE,6,11.31,0.23,185,189,9,20028,-397785.008674
"SH_callr","callr",TRUE,7,11.39,0.27,185,189,9,20028,-397785.008674
"SH_callr","callr",TRUE,8,11.76,0.25,185,189,9,20028,-397785.008674
"NT_inproc_4t","inproc",FALSE,1,11.85,31.73,176,266,12,20028,-397785.008674
"NT_inproc_4t","inproc",FALSE,2,11.44,31.8,264,284,12,20028,-397785.008674
"NT_inproc_4t","inproc",FALSE,3,11.66,31.83,271,288,12,20028,-397785.008674
"NT_inproc_4t","inproc",FALSE,4,12.1,33.52,288,295,12,20028,-397785.008674
"NT_inproc_4t","inproc",FALSE,5,12.88,34.36,281,297,9,20028,-397785.008674
"NT_inproc_4t","inproc",FALSE,6,13.09,34.84,298,298,9,20028,-397785.008674
"NT_inproc_4t","inproc",FALSE,7,14.1,36.02,297,305,9,20028,-397785.008674
"NT_inproc_4t","inproc",FALSE,8,14.32,36.83,292,310,9,20028,-397785.008674
